Model,Accuracy,Precision,Recall,F1-Score
qwen/qwen3-32b,0.7909090909090909,0.7813230481533426,0.7850824587706147,0.7824596950492679
llama-3.1-8b-instant,0.44545454545454544,0.6963869463869464,0.46687727564789033,0.45050386834513506
openai/gpt-oss-120b,0.945054945054945,0.9444444444444444,0.9405263157894737,0.9414616041771215
